#count,abundance,error
0,75.3097206122,2.574832503
1,16.1962702774,1.4904308465
2,4.5361803616,0.5216494355
3,2.2141882647,0.3038391659
4,1.4712921412,0.1117214331
